ts	phase	decision	why	evidence	result
2026-10-10T04:21:34Z	start	began the 24-hour product-manager run under figure-it-out	the owner asked for a product review and a future plan tracked in GitHub issues, run unattended for 24 hours	owner request in session; home worktree .worktrees/pm-2026-10-10/recon at 070e1c35	framing presented; reconnaissance dispatched
2026-10-10T04:21:34Z	frame	routed to figure-it-out instead of autonomous-run or orchestrate	no bundled playbook fits a product review plus roadmap plus issue filing plus 24h execution	poteto-mode SKILL.md routing text; figure-it-out SKILL.md read this session	phases A-E adopted as the todo list
2026-10-10T04:22:48Z	recon	webapp/site recon returned	four-stream recon feeding the product review	subagent ses_edbf48675ffdIg2iMWWyWWDzPN report; webapp/README.md, site.yml, webapp-deploy.yml, site-deploy.yml	52 webapp unit files (~820 tests), 6 e2e specs, deno worker tests; both deploys green 2026-10-09; site checks not release-gating; flagged docs/links drift
2026-10-10T04:23:29Z	recon	backlog/release recon returned	four-stream recon feeding the product review	subagent ses_edbf48675ffefNBnF24fzYS8nL report; gh issue/pr/run lists read-only	39 open issues (37 needs-human-review; only #551 and #1564 in progress); 2 open PRs (#1619 owner, #1623 dependabot); iOS upload path green 2026-09-30; play-store-release never green; supabase-migrate latest pending; release gate variable shipped
2026-10-10T04:24:13Z	recon	app-surface recon returned	four-stream recon feeding the product review	subagent ses_edbf48676ffei3BnXO5Biml5FI report; lib/ and test/ tree counts	broad capability surface (logging, prediction, modes, sharing, health, export, widget, notifications); thin UI test areas: account (8 widget tests), insights (19), profiles/modes (21), widget (~58); passkeys, universal links, MFA, Sentry all gated off; prediction core has 2 dedicated test files
2026-10-10T04:24:50Z	verify	checked the recon numbers against the repo	the review must cite checked numbers, not a summary	test/ui/account 2 files, test/ui/insights 3, test/domain/prediction 2, webapp/test 52, webapp/e2e 6, play-store-release failures only	all matched except needs-human-review: report said 37, verified 33 of 39 open
2026-10-10T04:27:05Z	recon	product-promise recon returned; all four streams in	four-stream recon feeding the product review	subagent ses_edbf48682ffeJMdPEiktjGjBHt report; README/positioning/PRIVACY/docs/plans	57 plan files (most shipped; open: #115/#117/#850/#1048/#1107); drift list confirmed (positioning, README signups, PRIVACY conception, docs/links); STRATEGY.md absent; #782 consent column absent
2026-10-10T04:29:52Z	plan	filed the future plan as seven issues (#1791-#1797) under a new roadmap label	the owner asked for the plan tracked in GitHub issues	gh issue create; labels ops/enhancement/release/P1-P3/roadmap/review:testing	#1791 Android release, #1792 account tests, #1793 insights tests, #1794 prediction tests, #1795 webapp onboarding, #1796 webapp insights, #1797 release-readiness umbrella
2026-10-10T04:31:48Z	docs	wrote the product review and future plan and opened their PR	the two documents are the review and plan deliverables	docs/product/2026-10-10-product-review.md, docs/product/2026-10-10-future-plan.md; PR opened from pm/2026-10-10-review-and-plan	docs written clean (no em dashes, no banned vocab); PR open
2026-10-10T04:40:47Z	docs	opened the documentation drift PR	the review's drift list, fixed as its own unit	PR #1799; PRIVACY.md, README.md, docs/product/positioning.md	full suite 8,551 pass; docs/links left for the cutover PR
2026-10-10T04:46:50Z	cutover	found the #1258 invite cutover was never executed	the withheld-button comment says re-add at the cutover; the React client has served /invite since 2026-10-03	site/public/invite.html:61 comment; webapp/src/pages/InvitePage.tsx	condition met; cutover executed as its own unit
2026-10-10T04:46:50Z	cutover	opened the invite-cutover PR	restore the button and flip the three pins	PR from pm/2026-10-10-invite-cutover; 7 files	node 57, deno 27, dart 74 pass; copies byte-identical
2026-10-10T04:47:45Z	merge	merged PR #1798 (product review and future plan)	the two documents are the review and plan deliverables	gh pr merge --squash; main advanced	MERGED, all checks green
2026-10-10T04:57:13Z	android	investigated #1791: both failed runs died on the missing keystore secret, and no Android or Play secret exists today	the issue asked to classify the failures and fix what could be fixed	gh run view job logs 100470484352; gh secret list repo + production env	root cause is owner-provisioned credentials; preflight + runbook built as the agent-side fix
2026-10-10T04:57:13Z	android	opened PR #1801 (Play preflight + runbook) and parked #1791 on the owner	fail fast naming every missing secret; document provisioning	PR #1801; issue comment + needs-human-review on #1791	17+26 bash tests pass, 102 dart tests pass, YAML parses
2026-10-10T04:58:53Z	hygiene	rebased PR #1800 so it carries only the cutover commit	the cutover branch had been created from the drift branch, so the PR listed both units' files	git rebase --onto origin/main 3e36c69b pm/2026-10-10-invite-cutover; force-with-lease push	PR #1800 now base main, 1 commit, 7 files; #1799 stays the drift-only PR
2026-10-10T05:04:03Z	merge	merged PR #1799 (documentation drift fixes)	drift list from the review, fixed	gh pr merge --squash; all checks green	MERGED 2026-10-10T05:03:34Z
2026-10-10T05:04:03Z	ci	found and fixed a latent classifier contradiction (#1801's checks caught it)	release-guards Case 19 demanded app_flutter=true for check-ci-gate.sh while Case 7 pinned false; the suite was red on main since #1786	detect-ci-changes.sh + detect-ci-changes.test.sh Case 7	141 tests pass after the fix; bundled into #1801 as it blocked it
2026-10-10T05:08:04Z	verify	checked #1792/#1793/#1794 against the code and found all three premises wrong	the triage rule: verify the issue's claims rather than take them on trust	flat test/ui and test/domain layout; prediction_test.dart 55KB, account_test.dart, analysis_tab_test.dart, cycle_comparison_test.dart	every named screen and boundary case has behavior tests; closed all three with file-level evidence
2026-10-10T05:08:04Z	docs	opened PR #1802 correcting the review's thin-spots claim and the plan's quality bullets	the documents fed the three wrong issues, so they get corrected too	docs/product/2026-10-10-product-review.md, 2026-10-10-future-plan.md	docs-only PR; closing comments carry the evidence
2026-10-10T05:18:43Z	fix	#1800's site check failed on the down variant; fixed with a build-time transform	the down check refuses any page linking to app.lunarlog.app when the browser version is down	check-web-app-down.mjs; site.yml run 38025882765 job 114136556105	apply-web-app-down.mjs drops the button in the down build; 59 site tests pass; pushed to #1800
2026-10-10T05:23:46Z	webapp	built the first-run orientation (#1795) and opened PR #1803	the last agent-executable plan item; new accounts landed on a bare empty state	FirstRunCard.tsx + first-run.ts (session flag, nothing stored) + TodayPage branch + 5 ARB strings + tests	webapp 52 files/1044 tests pass (domain module compiled as CI does); flutter 8551 pass; analyze clean
2026-10-10T05:23:46Z	fix	fixed #1800's down-variant check failure in the same branch	the site refuses any page linking to app.lunarlog.app in the down build	apply-web-app-down.mjs + test; pushed 0cb8ed00 to #1800	59 site tests pass; CI re-running
2026-10-10T05:25:04Z	verify	checked #1796's premise: the web already renders history, statistics, and comparison	same lesson as #1792-#1794: verify the issue's claims against the code	ProfileHomeHistory.tsx + TodayPage.tsx:331-332; missing: trends, phase insights, BBT chart, recap	issue body corrected and narrowed; kept open at P3
2026-10-10T05:27:34Z	merge	merged PR #1801 (Play preflight + runbook + classifier fix)	all checks green including iOS Simulator and both release-guard arms	gh pr merge --squash; main at 3961d689	MERGED
2026-10-10T05:27:34Z	hygiene	rebased #1800 onto the fixed main so its release-guards pass	#1800's site/package.json change triggered the suite, which hit the pre-#1801 classifier contradiction	git rebase origin/main; force-with-lease push	new head 8472d575; CI re-running
2026-10-10T05:28:51Z	scope	scoped #1796's symptom-trends slice: the facade payload lacks the display strings	the parity rule forbids porting Dart string logic to TypeScript	client.ts:188 insights exposed; fixtures.json insights.patterns-and-cramps payload; symptom_trends_section.dart	plan recorded on the issue: extend the facade response like todayLog, regenerate fixtures, then build the section
2026-10-10T05:40:10Z	web	built #1796's first step and opened PR #1804	the facade payload lacked the phone's display strings; the parity rule forbids a TypeScript port	tool/web_domain/facade.dart; fixtures regenerated; webapp schemas extended	Dart fixture test 61 pass, web parity 59 pass, webapp 1041, flutter 8551
2026-10-10T05:40:30Z	prep	verified the UI unit's copy needs for #1796	the section's strings already exist in the catalogue, so no new ARB keys	ARB lines 6594-6659: symptomTrendsLogged{occurrences,cycles}, crampPredictionObserved{observed,total}, crampPredictionDates{dates}, symptomTrendsFlowSubtitle{day,flow}	ProfileHomeInsights can be built once #1803 and #1804 merge
2026-10-10T05:48:23Z	web	built the #1796 symptom-trends section and opened PR #1805 (stacked on #1804)	the web showed history/statistics/comparison but not the analysis surfaces	ProfileHomeInsights.tsx + TodayPage insights() call + tests	webapp 53 files/1048 tests pass; typecheck+prettier clean; retarget to main after #1804
2026-10-10T05:49:34Z	ci	found that a PR based on a non-main branch runs no ci.yml checks	#1805 (stacked on #1804) shows CLEAN with only the Supabase Preview skip	ci.yml's pull_request trigger is main-scoped; verified via gh pr checks 1805	plan: wait for #1804 to merge, then retarget #1805 to main so the checks run before its merge
2026-10-10T05:55:23Z	scope	scoped #1796's remaining three surfaces	each needs facade work, and phase insights also waits on the site's literacy pages (#1104)	phase_insights_card.dart deriveSubphase; cycle_recap.dart CycleRecap; bbt_chart.dart series; site literacy not rendered	order recorded: BBT chart, recap, phase insights
2026-10-10T05:57:14Z	merge	merged PR #1803 (webapp first-run onboarding, issue #1795)	the plan's last originally-planned agent-executable item	all checks green including the 32-minute iOS Simulator run	MERGED
2026-10-10T06:03:19Z	merge	merged PR #1800 (invite cutover + down-build transform)	the skipped #1258 cutover executed, and the down variant drops the button	all checks green after the rebase, including the site run and iOS Simulator	MERGED 2026-10-10T06:03:04Z
2026-10-10T06:04:58Z	scope	scoped the BBT chart unit's shape	the series is domain-computed (lib/domain/insights/bbt_chart.dart); the facade carries observations only for todayLog	facade.dart todayLog bbtUnit/observations; bbt_chart.dart BbtChartData; webapp measurements.ts	unit: facade series method + fixtures + schema/client + SVG chart; first in the recorded order
2026-10-10T06:15:38Z	merge	merged PR #1804 (symptom-trends display strings through the domain module)	#1796's first step; both parity suites pinned the path	gh pr merge --squash; main at 90c5abbb	MERGED
2026-10-10T06:15:38Z	hygiene	rebased #1805 onto main, resolved the today-page.test.tsx conflict by keeping both sides, retargeted the PR	a stacked PR to a non-main base runs no ci.yml checks, so it must retarget after its base merges	git rebase origin/main; one conflict (both sides added tests at the same anchor)	full webapp suite 53 files/1051 tests pass on the combined tree; checks running on main
2026-10-10T06:24:20Z	web	built the BBT chart's data path and opened PR #1807	the chart's series crosses the module boundary now, computed by the domain as before	facade bbtChart + 2 fixtures + schema/client + parity registry	Dart fixture test 63 pass, web parity 61 pass, webapp 1046, flutter 8553
2026-10-10T06:26:43Z	ci	#1805's retarget double-fired the workflows; the cancelled duplicate's checks linger in gh pr checks	the retarget plus force-push produced two CI runs and two Site runs for one head	runs 38030275692 cancelled vs 38030276664 success; site run 38030276833 running	GitHub judges the latest run per check name; waiting for the site job, then re-checking mergeability
2026-10-10T06:29:26Z	merge	merged PR #1805 (symptom-trends section on the web home, issue #1796)	the first of the web's analysis surfaces	the cancelled duplicate run's ghost check did not block; both live runs succeeded	MERGED
2026-10-10T06:31:00Z	web	extended #1807's bbtChart response to the drawable form	the phone keeps geometry fractions in the domain, so the web must not recompute them	facade serializer + fixtures + schema + client doc; pushed 759f58b7	Dart fixture 63 pass, web parity 61 pass, typecheck+prettier clean; checks re-running
2026-10-10T06:40:01Z	web	built the BBT chart component and opened its stacked PR	the web's first chart, driven by the domain's fractions rather than recomputed geometry	BbtChart.tsx + bbt-inputs.ts + TodayPage wiring + 3 test files	webapp 54 files/1055 tests pass; typecheck+prettier clean; retarget after #1807
2026-10-10T06:47:30Z	fix	fixed #1807's Verify failure: a use_null_aware_elements lint in the fixture generator	CI's flutter analyze covers every changed file; my local check had only analyzed facade.dart	tool/web_domain/generate_fixtures.dart:568; fixed with 'deletedAt': ?deletedAt	flutter analyze clean; fixtures unchanged; pushed b8b5a0bb; checks re-running
2026-10-10T06:56:49Z	scope	scoped the recap unit (#1796's third surface)	deriveCycleRecap takes entries+prediction+report+today+previousSnapshot, all facade-suppliable; previousSnapshot null on the web	lib/domain/insights/cycle_recap.dart:deriveCycleRecap; cycle_recap_card.dart composes copy from the model	unit: facade cycleRecap + fixtures + schema/client + RecapCard with a session dismiss (nothing-stored); start after #1807 merges
2026-10-10T07:12:02Z	web	built the recap's data path and opened PR #1809 (stacked on #1807)	the recap's builder takes facade-suppliable inputs; the device-local snapshot stays off the wire	facade cycleRecap + 2 fixtures + schema/client + parity registry	Dart fixture 65 pass, web parity 63 pass, webapp 1048, flutter 8555
2026-10-10T07:25:52Z	merge	merged PR #1807 and rebased both stacks onto the new main	stacked branches carried pre-squash commits, so plain rebase conflicts; used rebase --onto <last-merged-commit>	git rebase --onto origin/main b8b5a0bb (recap) and 759f58b7 (bbt UI); resolved TodayPage conflicts keeping both sides	#1809 on main (6803f2a3); #1808 on main (a3c3ea06, 55 files/1062 tests); recap card PR opened
2026-10-10T07:32:19Z	site	filed #1811 and built the /learn literacy pages, opening PR #1812	the #1103 export was pinned but never rendered; the web client's phase insights will deep-link article ids	learn/index.astro + learn/[id].astro + title-budget helper + footer/sitemap edits	build 32 pages; html 0; claims+spacing pass; 64 unit tests; links fails locally only on the capture-step screenshots
2026-10-10T07:43:12Z	merge	merged PR #1808 (the BBT chart on the web home)	the web's first chart, drawn from the domain's own fractions	all checks green; merged 2026-10-10T07:40:12Z	MERGED
2026-10-10T07:43:12Z	web	built the phase card's data path and opened PR #1813	the last of #1796's recorded surfaces; its article ids match the site's /learn pages	facade phaseInsights + 3 fixtures + schema/client + registry	Dart fixture 66 pass, web parity 64 pass, webapp 1056, flutter 8556
2026-10-10T07:47:41Z	web	extended #1813 with the primary article's title	the card labels its article link with the title, and the web does not carry the library	phaseInfoToJson now looks it up via CycleLiteracyLibrary.getArticleById	fixtures regenerated; parity 64; checks re-running
2026-10-10T07:50:06Z	web	built the phase card and opened its stacked PR	the last #1796 component; all four analysis surfaces now have their data paths and UIs in flight or merged	PhaseCard.tsx + TodayPage wiring + tests	targeted 24 pass; webapp 54 files/1065 tests; typecheck+prettier clean; retarget after #1813
2026-10-10T07:56:57Z	docs	fixed AGENTS.md's stale site lines in #1812	the guide said the literacy export was unrendered and the external-link check a no-op; /learn changed both	AGENTS.md lines 80 and 111	commit pushed to #1812; site checks re-run
2026-10-10T07:59:05Z	merge	merged PR #1809 (recap data path) and rebased #1810 onto main	the card's commit conflicted with #1808's chart wiring; kept both	rebase --onto origin/main 6803f2a3; resolved TodayPage memo + today-page.test.tsx	#1810 on main (634f004d); webapp 56 files/1076 tests; typecheck clean; checks running
2026-10-10T08:18:30Z	merge	merged PR #1810 (the cycle recap card)	the recap card is on the web home, session-dismissible	all checks green; merged 2026-10-10T08:14:08Z	MERGED
2026-10-10T08:18:30Z	hygiene	rebased #1813 onto main after it went DIRTY; resolved six interleaved conflicts	#1813 predated #1808/#1809; facade/generator/client/schemas/parity conflicts all both-added	rebase origin/main; generator resolved via --theirs + re-adding the recap cases; fixtures regenerated	fixture 68, parity 66, webapp 55 files/1067; pushed b3164909
2026-10-10T08:30:23Z	hygiene	rebased #1814 onto the new #1813 head	#1814 went DIRTY when its base branch moved	rebase --onto b3164909 48c47dd6; TodayPage memo+render conflicts kept both (chart+recap+phase)	webapp 56 files/1076 tests; typecheck clean; pushed fb7c3670
2026-10-10T08:32:54Z	merge	merged PR #1812 (the site's /learn literacy pages) and closed #1811	the #1103 export is rendered; the phase card's article links now resolve	all checks green including iOS Simulator 34m and the site deploy smoke	MERGED 2026-10-10T08:32:33Z
2026-10-10T08:42:59Z	merge	merged PR #1813 (the phase card's data path)	the last of #1796's four data paths is on main	all checks green including iOS Simulator 22m56s; merged 2026-10-10T08:41:20Z (row written 08:42:59Z)	MERGED
2026-10-10T08:42:59Z	hygiene	rebased #1814 onto main and retargeted it	three both-added conflicts (imports, memo, test harness); resolved keeping all three surfaces	rebase --onto origin/main b3164909; prettier fix amended	webapp 57 files/1088 tests; typecheck+prettier clean; pushed b5799e55
2026-10-10T08:53:43Z	audit	cross-model audit returned; acted on its findings	the trail and docs must survive an independent read	auditor ses_edafef6b1ffea26Uuha6CpDxS6 over the trail, docs, issues, PRs	trail merge-time fixed; #1811 labeled roadmap; final-docs PR opened (priority alignment + outcomes)
2026-10-10T08:57:46Z	merge	merged PR #1815 (final docs: outcomes + label alignment)	the audit's document findings cleared	docs-only PR; all checks green	MERGED
2026-10-10T08:57:46Z	merge	merged PR #1814 (the phase card) and closed #1796	all four #1796 analysis surfaces are on main	#1804/#1805, #1807/#1808, #1809/#1810, #1813/#1814	MERGED 2026-10-10T08:57:12Z; #1796 closed with the evidence
2026-10-10T09:00:43Z	hygiene	pruned 15 merged worktrees and their local branches	done work should not leave clutter for the next session	git worktree remove + rmdir fallback; git branch -D; git worktree prune	only .worktrees/pm-2026-10-10/recon remains (it holds this trail); a stray node_modules in the subtree removed too
2026-10-10T09:00:43Z	monitor	checked main's health after the merge wave	post-merge breakage is the run's responsibility until the budget ends	gh run list/view on main at 56adf89a	CI success, CodeQL success; site deploy still running under a watcher
2026-10-10T09:01:13Z	verify	verified the deployed site against the live address	prove-it-works reads the real artifact, not the CI report	Invoke-WebRequest against lunarlog.app	/learn/ 200; /learn/why-cramps-happen/ 200 and carries its title; main CI+CodeQL green, site deploy success (one beacon warning, the known #1139 warn-only check)
2026-10-10T09:11:11Z	fix	fixed #1806 (the first-run card flashed while the snapshot loaded) and opened its PR	the post-merge review routine found a real regression in my #1803 work	TodayPage syncedPending guard + a pending-state test	targeted 19 pass; webapp 57 files/1089 tests; typecheck+prettier clean; PR closes #1806
2026-10-10T09:26:04Z	merge	merged #1816, closing #1806 (the first-run card flashed while the snapshot loaded)	#1806 was a real regression in my #1803 work, found by the post-merge review routine	PR 1816 merged as 5c67cda; worktree and branch pruned	merged 2026-10-10T09:25:35Z; issue auto-closed; no failed runs on main
2026-10-10T09:26:04Z	fix	opened #1817 to drop Clear-Site-Data cache on the app shell (issue #1397)	#1397 asked for a decision: keep the permanent wipe, make it one-shot, or drop cache	worker header + test, staging check + its test, README; recommendation flagged for owner override	deno worker tests 87 pass; staging check tests 63 pass incl. the new cache-refuses case
2026-10-10T09:26:38Z	note	#1397 carries needs-human-review; I worked it before checking labels	AGENTS says do not re-analyse owner-queue issues unprompted; the other three code-review findings (1650, 1629, 1346) also carry it and were left alone	left PR 1817 open as a ready option and posted a pointer comment; no further agent work on owner-queue issues	recovery recorded in the trail
2026-10-10T09:50:55Z	note	committed the decision trail to the pm/2026-10-10-recon branch and pushed it	the trail was untracked with no remote; pruning the run's worktree would have lost the evidence the hand-back points to	git log confirmed no prior commits held .audit/; branch had no remote ref	commit 8eb19d20 pushed; trail and a cold-reader README now survive worktree removal
2026-10-10T10:13:37Z	fix	fixed the recap pair (#1818, #1819) as PR 1823 and the BBT pair (#1820, #1821) as PR 1824	the post-merge review routine filed five findings on my #1805-#1810 work; these four are webapp-side and agent-fixable	#1823: subject-only recap + per-profile/cycle dismissal; #1824: caption unit conversion + per-row updatedAt through the facade + a same-date parity fixture	webapp suites green (1092/1091), dart facade+fixture tests 115 pass, typecheck/prettier/analyze clean
2026-10-10T10:21:52Z	merge	merged #1823 (the recap pair, #1818/#1819) and opened #1825 (the flow line, #1822)	#1823's checks passed; #1825 completes the five-finding sweep; #1824 (BBT pair) still runs its test shards	PR 1823 merged as 2af6be1, issues auto-closed; fix-recap worktree pruned; origin refs refreshed	webapp suites green on both branches (1092 / 1090), dart fixture pins green (69 / 70), phone insights test green
2026-10-10T10:41:18Z	merge	merged #1824 (the BBT pair, #1820/#1821)	full suite green including the 26m iOS Simulator job; #1825 (flow line) still in its gate suite	PR 1824 merged as f61e7ba, issues auto-closed; fix-bbt worktree pruned	main green on 2af6be1 (CI, CodeQL, both deploys); #1824 added a same-date parity fixture, #1825 a superHeavy one
2026-10-10T10:47:59Z	merge	merged #1825 (the flow line, #1822) - the five-finding sweep is complete	all five findings the post-merge review routine filed against this run's #1805-#1810 work are fixed: #1818/#1819 (recap), #1820/#1821 (BBT), #1822 (flow line)	PR 1825 merged as 663ffc9, issue auto-closed; fix-flow worktree pruned; only the recon worktree and the owner-option fix-1397 remain	three PRs merged (1823, 1824, 1825) with full gates; #1817 still waits for the owner's #1397 decision
2026-10-10T11:43:12Z	review	self-review pass over the three merged fixes (1823, 1824, 1825)	the post-merge routine found real bugs in the previous batch; as lead tester I re-checked the same classes on the new diffs	lens gate vs the phone's _recapSection; remount-key state scope; observations.updated_at is the phone's own column; grouped conversion + toFixed rounding parity; enum narrowing vs _buildFlowPattern's four levels	nothing actionable found; main 663ffc91 fully green; all five issues closed
